Street Number,Street Name,Street Side,Skytrain Station Name,BIA,# of racks,Year Installed,Type of Rack,Storage Capacity,Status,Street Bike Rack is Located 
134,Abbott St,East,,GT,1,Prior 2010,,,,
134,Abbott St,East,,GT,1,2012,,,,
216,Abbott St,East,,GT,2,2012,,,,
455,Abbott St,West,,HC,4,2014,,,,
516,Abbott St,East,,HC,1,2014,,,,
568,Abbott St,East,,HC,1,2014,,,,
603,Abbott St,West,,HC,1,2014,,,,
623,Abbott St,West,,HC,1,2014,,,,
628,Abbott St,East,,HC,1,2014,,,,
660,Abbott St,East,,HC,1,2014,,,,
683,Abbott St,West,,HC,1,2014,,,,
1488,Adanac,South,,,1,2014,,,,
1351,Adanac St,North,,,2,2015,,,,
1375,Adanac St,North,,,1,2015,,,,
1600,Alberni St,North,,,1,2012,,,,
2104,Alberta St,East,,,2,2011,,,,
2104,Alberta St,East,,,2,2010,,,,
55,Alexander St,North,,GT,1,Prior 2010,,,,
55,Alexander St,North,,GT,2,2012,,,,
90,Alexander St,South,,GT,1,2012,,,,
90,Alexander St,South,,GT,10,2013,,,,
148,Alexander St,South,,,1,Prior 2010,,,,
305,Alexander St,North,,STRC,1,2012,,,,
320,Alexander St,South,,,2,Prior 2010,,,,
320,Alexander St,South,,STRC,2,2014,,,,
429,Alexander St,North,,,2,2015,,,,
475,Alexander St,North,,STRC,2,2012,,,,
611,Alexander St,North,,,3,2015,,,,
704,Alexander St,South,,,3,2015,,,,
200,Alexander St ,North,,STRC,2,2012,,,,
2083,Alma St,West,,,1,Prior 2010,,,,
2083,Alma St,West,,,3,2012,,,,
2607,Alma St,West,,,1,Prior 2010,,,,
2621,Alma St,West,,,1,Prior 2010,,,,
2780,Alma St,East,,,1,Prior 2010,,,,
2576,Arbutus St,East,,,1,2015,,,,
2620,Arbutus St,East,,,1,2015,,,,
2630,Arbutus St,East,,,1,2015,,,,
2640,Arbutus St,East,,,1,2015,,,,
2665,Arbutus St,West,,,1,2015,,,,
2680,Arbutus St,East,,,1,2015,,,,
2696,Arbutus St,East,,,1,2015,,,,
2723,Arbutus St,West,,,1,2015,,,,
2738,Arbutus St,East,,,1,2015,,,,
1400,Balsam St,East,,,1,2012,,,,
5704,Balsam St,East,,,1,2012,,,,
5723,Balsam St,West,,,2,Prior 2010,,,,
1447,Barclay St,North,,,1,2013,,,,
2475,Bayswater St,West,,,1,Prior 2010,,,,
2486,Bayswater St,East,,WB,1,2011,,,,
510,Beatty St,East,,,2,2011,,,,
546,Beatty St,East,,,1,2011,,,,
546,Beatty St,East,,n/a,2,2016,,,,
550,Beatty St,East,,n/a,2,2016,,,,
568,Beatty St,East,,,1,2011,,,,
590,Beatty St,East,Stadium-Chinatown,,2,2012,,,,
600,Beatty St,East,,n/a,2,2016,,,,
620,Beatty St,East,,n/a,6,2016,,,,
688,Beatty St,West,,n/a,3,2016,,,,
733,Beatty St,West,,n/a,2,2016,,,,
773,Beatty St,West,,n/a,3,2016,,,,
780,Beatty St,East,,,2,2011,,,,
780,Beatty St,East,,n/a,1,2016,,,,
788,Beatty St,East,,n/a,2,2016,,,,
808,Beatty St,East,,n/a,5,2016,,,,
837,Beatty St,West,,,1,2011,,,,
837,Beatty St,West,,YT,2,2016,,,,
855,Beatty St,East,,n/a,2,2016,,,,
857,Beatty St,West,,YT,2,2016,,,,
858,Beatty St,East,,,3,2011,,,,
869,Beatty St,West,,YT,1,2016,,,,
873,Beatty St,West,,,1,Prior 2010,,,,
873,Beatty St,West,,,2,2011,,,,
900,Beatty St,East,,,1,2012,,,,
928,Beatty St,East,,n/a,7,2016,,,,
939,Beatty St,West,,YT,1,2016,,,,
989,Beatty St,West,,YT,1,2016,,,,
777,Bidwell St,West,,,1,Prior 2010,,,,
1209,Bidwell St,West,,,2,2015,,,,
2400,Birch St,West,,,1,2012,,,,
2400,Blenheim St,East,,WB,1,2011,,,,
2500,Blenheim St,West,,WB,1,2011,,,,
3190,Blenheim St,East,,,1,Prior 2010,,,,
5675,Boundary Rd,West,,,1,Prior 2010,,,,
1300,Broughton St,West,,,2,2012,,,,
200,Burrard St,West,,,1,Prior 2010,,,,
355,Burrard St,West,,,2,2010,,,,
401,Burrard St,West,,,2,2010,,,,
550,Burrard St,East,,,1,Prior 2010,,,,
635,Burrard St,West,Burrrad,,4,2012,,,,
888,Burrard St,East,,,3,2010,,,,
955,Burrard St,West,,,1,2015,,,,
969,Burrard St,West,,,1,2015,,,,
1081,Burrard St,West,,,3,2012,,,,
1088,Burrard St,East,,,1,2015,,,,
1088,Burrard St,East,,,2,2015,,,,
1157,Burrard St,West,,,1,2015,,,,
1160,Burrard St,East,,,1,2015,,,,
1192,Burrard St,East,,,1,2015,,,,
1238,Burrard St,East,,,1,2015,,,,
1262,Burrard St,East,,,1,2015,,,,
1306,Burrard St,East,,,1,2015,,,,
1310,Burrard St,East,,,1,2015,,,,
1340,Burrard St,East,,,1,2015,,,,
1350,Burrard St,East,,,1,2015,,,,
1980,Burrard St,East,,,1,Prior 2010,,,,
2110,Burrard St,East,,,2,Prior 2010,,,,
2385,Burrard St,West,,,1,Prior 2010,,,,
2421,Burrard St,West,,,1,Prior 2010,,,,
2445,Burrard St,West,,,1,Prior 2010,,,,
580,Bute St,East,,,3,2015,,,,
800,Bute St,West,,,1,2012,,,,
808,Bute St,East,,,1,Prior 2010,,,,
814,Bute St,East,,,1,Prior 2010,,,,
936,Bute St,East,,,2,Prior 2010,,,,
1100,Bute St,East,,,2,2012,,,,
220,Cambie St,East,,,2,Prior 2010,,,,
220,Cambie St,East,,CB,2,2016,,,,
300,Cambie St,East,,,1,Prior 2010,,,,
310,Cambie St,East,,CB,2,2016,,,,
317,Cambie St,West,,CB,1,2016,,,,
322,Cambie St,East,,CB,1,2016,,,,
340,Cambie St,East,,CB,2,2016,,,,
440,Cambie St,East,,,1,Prior 2010,,,,
440,Cambie St,East,,n/a,1,2016,,,,
548,Cambie St,East,,n/a,1,2016,,,,
845,Cambie St,West,,YT,3,2014,,,,
888,Cambie St,East,,,1,Prior 2010,,,,
891,Cambie St,West,,YT,3,2014,,,,
896,Cambie St,South,,YT,2,2016,,,,
930,Cambie St,South,,YT,4,2016,,,,
1008,Cambie St,South,,YT,2,2016,,,,
2150,Cambie St,East,,,1,Prior 2010,,,,
2335,Cambie St,West,,,2,Prior 2010,,,,
2893,Cambie St,West,,,2,Prior 2010,,,,
2915,Cambie St,West,,CB,1,2016,,,,
2925,Cambie St,West,,CB,1,2016,,,,
2931,Cambie St,West,,CB,1,2016,,,,
2963,Cambie St,West,,CB,1,2016,,,,
3305,Cambie St,West,,,1,Prior 2010,,,,
3365,Cambie St,West,,,1,Prior 2010,,,,
3440,Cambie St,East,,,1,Prior 2010,,,,
4008,Cambie St,East,,CB,2,2016,,,,
4018,Cambie St,East,,CB,1,2016,,,,
4023,Cambie St,West,,CB,2,2016,,,,
4030,Cambie St,East,,CB,1,2016,,,,
4033,Cambie St,West,,CB,1,2016,,,,
4038,Cambie St,East,,,1,Prior 2010,,,,
4050,Cambie St,East,,CB,1,2016,,,,
4099,Cambie St,West,King Edward,,22,2012,,,,
6488,Cambie St,East,Langara-49th,,3,2012,,,,
8430,Cambie St,East,Marine Drive,,4,2012,,,,
8500,Cambie St,East,,,1,2012,,,,
1078,Cardero St,East,,,3,2013,,,,
298,Carrall St,East,,,2,Prior 2010,,,,
360,Carrall St,East,,HC,1,2017,,,,
511,Carrall St,West,,,2,2012,,,,
5487,Cecil St,West,,,1,Prior 2010,,,,
1716,Charles St,South,,,2,Prior 2010,,,,
1100,Chestnut St,East,,,6,2015,,,,
505,Clark Dr,West,,,1,Prior 2010,,,,
912,Clark Dr,East,,,1,Prior 2010,,,,
912,Clark Dr,South,,,2,2011,,,,
620,Clark Drive,East,,,1,2015,,,,
823,Clark Drive,West,,,2,2015,,,,
1111,Clark Drive,West,,,2,2015,,,,
1215,Clark Drive,West,,,2,2015,,,,
1269,Clark Drive,West,,,2,2015,,,,
1345,Clark Drive,West,,,3,2015,,,,
203,Columbia St,North,,,2,2014,,,,
211,Columbia St,West,,GT,1,2012,,,,
302,Columbia St,East,,,1,Prior 2010,,,,
303,Columbia St,West,,,1,Prior 2010,,,,
303,Columbia St,West,,,1,2014,,,,
351,Columbia St,East,,,1,2014,,,,
2021,Columbia St,West,,,2,2012,,,,
1380,Commercial Dr,East,,,2,2013,,,,
1010,Commercial Drive,East,,,2,2012,,,,
1016,Commercial Drive,East,,,1,2012,,,,
1025,Commercial Drive,West,,,1,2012,,,,
1034,Commercial Drive,East,,,1,2012,,,,
1034,Commercial Drive,East,,,1,2012,,,,
1035,Commercial Drive,West,,,2,2012,,,,
1045,Commercial Drive,West,,,2,Prior 2010,,,,
1103,Commercial Drive,West,,,1,2012,,,,
1111,Commercial Drive,West,,,1,Prior 2010,,,,
1111,Commercial Drive,West,,,2,2012,,,,
1132,Commercial Drive,East,,,1,Prior 2010,,,,
1135,Commercial Drive,West,,,1,2012,,,,
1204,Commercial Drive,East,,,1,Prior 2010,,,,
1365,Commercial Drive,West,,,1,2012,,,,
1380,Commercial Drive,East,,,1,Prior 2010,,,,
1404,Commercial Drive,East,,,1,Prior 2010,,,,
1505,Commercial Drive,West,,,1,Prior 2010,,,,
1520,Commercial Drive,East,,,1,Prior 2010,,,,
1604,Commercial Drive,East,,,1,Prior 2010,,,,
1620,Commercial Drive,East,,,1,Prior 2010,,,,
1675,Commercial Drive,West,,,1,Prior 2010,,,,
1714,Commercial Drive,East,,,1,Prior 2010,,,,
1726,Commercial Drive,East,,,1,Prior 2010,,,,
1858,Commercial Drive,East,,,1,2012,,,,
2010,Commercial Drive,East,,,1,Prior 2010,,,,
2096,Commercial Drive,East,,,1,Prior 2010,,,,
2210,Commercial Drive,East,,,1,Prior 2010,,,,
2279,Commercial Drive,West,,,1,Prior 2010,,,,
2290,Commercial Drive,East,,,1,Prior 2010,,,,
2360,Commercial Drive,East,,,1,2015,,,,
2575,Commercial Drive,West,,,1,Prior 2010,,,,
2598,Commercial Drive,East,,,1,Prior 2010,,,,
2601,Commercial Drive,West,,,1,2015,,,,
2703,Commercial Drive,West,,,1,2015,,,,
2733,Commercial Drive,West,,,2,2015,,,,
2879,Commercial Drive,West,,,3,2015,,,,
2915,Commercial Drive,West,,,1,2015,,,,
1592,Comox St,South,,,1,Prior 2010,,,,
1700,Comox St,North,,,3,2010,,,,
1733,Comox St,North,,,5,Prior 2010,,,,
100,Cordova St,East,,HC,1,2014,,,,
100,Cordova St,South,,HC,1,2014,,,,
119,Cordova St,North,,HC,1,2014,,,,
1935,Cornwall Av,North,,,1,Prior 2010,,,,
1937,Cornwall Av,North,,,2,Prior 2010,,,,
1941,Cornwall Av,North,,,1,Prior 2010,,,,
1945,Cornwall Av,North,,,1,Prior 2010,,,,
1995,Cornwall Av,North,,,1,2015,,,,
2200,Cornwall Av,South,,,2,Prior 2010,,,,
2210,Cornwall Av,South,,,2,2015,,,,
3425,Crowley,North,,,1,2014,,,,
1660,Cypress St,East,,,1,2015,,,,
1670,Cypress St,East,,,2,2015,,,,
110,Davie St,South,,,3,Prior 2010,,,,
216,Davie St,South,,,1,Prior 2010,,,,
297,Davie St,North,Yaletown-Roundhouse,,6,2012,,,,
605,Davie St,North,,DVBIA,1,2016,,,,
671,Davie St,North,,,1,Prior 2010,,,,
677,Davie St,North,,DVBIA,2,2017,,,,
746,Davie St,North,,,1,Prior 2010,,,,
1105,Davie St,North,,,2,Prior 2010,,,,
1202,Davie St,South,,,1,Prior 2010,,,,
1204,Davie St,South,,,2,Prior 2010,,,,
1232,Davie St,South,,,1,2015,,,,
1248,Davie St,South,,,1,2015,,,,
1295,Davie St,North,,,1,2015,,,,
1600,Davie St,South,,,1,Prior 2010,,,,
1641,Davie St,North,,,1,Prior 2010,,,,
1650,Davie St,South,,,2,Prior 2010,,,,
1702,Davie St,South,,,1,Prior 2010,,,,
1762,Davie St,South,,,1,Prior 2010,,,,
1789,Davie St,North,,,1,Prior 2010,,,,
679,Denman St,West,,,1,Prior 2010,,,,
710,Denman St,East,,,2,Prior 2010,,,,
718,Denman St,East,,,1,Prior 2010,,,,
745,Denman St,West,,,1,Prior 2010,,,,
768,Denman St,East,,,1,Prior 2010,,,,
785,Denman St,West,,,3,Prior 2010,,,,
823,Denman St,West,,,1,Prior 2010,,,,
849,Denman St,West,,,2,2015,,,,
935,Denman St,West,,,1,Prior 2010,,,,
958,Denman St,East,,,1,Prior 2010,,,,
961,Denman St,West,,,1,Prior 2010,,,,
1015,Denman St,West,,,3,Prior 2010,,,,
1055,Denman St,West,,WE,2,2013,,,,
1100,Denman St,East,,,5,Prior 2010,,,,
1105,Denman St,West,,,1,Prior 2010,,,,
1156,Denman St,East,,,1,Prior 2010,,,,
1168,Denman St,East,,,1,Prior 2010,,,,
1180,Denman St,East,,,1,Prior 2010,,,,
1184,Denman St,East,,,3,2011,,,,
1184,Denman St,East,,,1,2015,,,,
1187,Denman St,West,,,1,Prior 2010,,,,
1210,Denman St,East,,,1,Prior 2010,,,,
530,Drake St,South,,,1,Prior 2010,,,,
2505,Dunbar St,West,,,1,Prior 2010,,,,
3204,Dunbar St,East,,,1,Prior 2010,,,,
3211,Dunbar St,West,,,1,Prior 2010,,,,
3228,Dunbar St,East,,,2,Prior 2010,,,,
3308,Dunbar St,East,,,1,Prior 2010,,,,
3322,Dunbar St,East,,,1,Prior 2010,,,,
3335,Dunbar St,West,,,1,Prior 2010,,,,
3456,Dunbar St,East,,,1,Prior 2010,,,,
3468,Dunbar St,East,,,1,Prior 2010,,,,
3637,Dunbar St,West,,,1,Prior 2010,,,,
4205,Dunbar St,West,,,1,Prior 2010,,,,
4219,Dunbar St,West,,,1,Prior 2010,,,,
4231,Dunbar St,West,,,1,Prior 2010,,,,
4236,Dunbar St,East,,,1,Prior 2010,,,,
4243,Dunbar St,West,,,1,2012,,,,
4250,Dunbar St,East,,,2,Prior 2010,,,,
4306,Dunbar St,East,,,1,2012,,,,
4326,Dunbar St,East,,,1,Prior 2010,,,,
4336,Dunbar St,East,,,1,2012,,,,
4355,Dunbar St,West,,,1,Prior 2010,,,,
4355,Dunbar St,West,,,1,2012,,,,
4395,Dunbar St,West,,,1,Prior 2010,,,,
4428,Dunbar St,East,,,1,Prior 2010,,,,
4432,Dunbar St,East,,,1,2012,,,,
4445,Dunbar St,West,,,1,Prior 2010,,,,
4446,Dunbar St,East,,,1,2012,,,,
4467,Dunbar St,West,,,1,Prior 2010,,,,
4474,Dunbar St,East,,,1,2012,,,,
4497,Dunbar St,West,,,1,Prior 2010,,,,
4497,Dunbar St,West,,,1,2012,,,,
4555,Dunbar St,West,,,1,Prior 2010,,,,
4603,Dunbar St,West,,,1,Prior 2010,,,,
5587,Dunbar St,West,,,1,Prior 2010,,,,
5601,Dunbar St,West,,,2,Prior 2010,,,,
2177,Dundas St,North,,,1,2012,,,,
37,Dunlevy Av,West,,STRC,1,2012,,,,
37,Dunlevy Av,West,,STRC,1,2013,,,,
55,Dunlevy Av,West,,STRC,1,2013,,,,
143,Dunlevy Av,West,,STRC,2,2017,,,,
211,Dunlevy Av,West,,,2,2012,,,,
304,Dunlevy Av,North,,STRC,2,2012,,,,
433,Dunlevy Av,West,,STRC,2,2012,,,,
111,Dunsmuir St,West,,n/a,2,2016,,,,
111,Dunsmuir St,East,,n/a,2,2016,,,,
579,Dunsmuir St,North,,,1,Prior 2010,,,,
885,Dunsmuir St,North,,,1,Prior 2010,,,,
888,Dunsmuir St,South,,,1,Prior 2010,,,,
900,Dunsmuir St,South,,,1,Prior 2010,,,,
111,E 10th,North,,,2,2014,,,,
1700,E 10th Av,North,,,1,2010,,,,
295,E 11th Av,North,,,1,Prior 2010,,,,
1800,E 11th Av,North,,,1,2012,,,,
2800,E 12th Av,South,,,1,2012,,,,
1680,E 13th Av,South,,,1,2015,,,,
175,E 15th Av,North,,,3,2015,,,,
607,E 15th Av,North,,,2,2012,,,,
617,E 15th Av,North,,,1,2012,,,,
635,E 15th Av,North,,,1,2011,,,,
639,E 15th Av,North,,,1,2012,,,,
665,E 15th Av,North,,,2,2011,,,,
617,E 15th St,North,,,1,2013,,,,
639,E 15th St,North,,,1,2013,,,,
649,E 15th St,North,,,1,2013,,,,
211,E 16th Av,North,,,1,Prior 2010,,,,
197,E 17th Av,North,,,1,Prior 2010,,,,
2450,E 24th Av,South,Nanaimo,,3,2012,,,,
2790,E 29th Av,South,29th Ave,,3,2012,,,,
127,E 2nd Av,North,,,1,Prior 2010,,,,
238,E 2nd Ave,South,,50,2,2014,,,,
107,E 3rd,North,,,1,2014,,,,
143,E 3rd,North,,,1,2014,,,,
112,E 3rd Av,South,,,1,2012,,,,
146,E 3rd Av,South,,,1,2012,,,,
173,E 3rd Av,North,,,3,2015,,,,
683,E 44th Av,North,,,2,2015,,,,
696,E 45th Av,South,,,2,2012,,,,
20,E 4th Av,South,,,1,2011,,,,
127,E 4th Av,North,,,1,2012,,,,
137,E 4th Av,North,,,1,2012,,,,
272,E 4th Av,South,,,1,Prior 2010,,,,
56,E 5th Av,South,,,1,2015,,,,
60,E 5th Av,South,,,1,2015,,,,
7,E 6th Av,North,,,1,2012,,,,
45,E 6th Av,North,,,1,2015,,,,
48,E 6th Av,South,,,2,2012,,,,
73,E 6th Av,North,,,2,2015,,,,
203,E 6th Av,North,,,2,Prior 2010,,,,
209,E 6th Av,North,,,1,Prior 2010,,,,
1600,E 6th Av,South,,,1,2012,,,,
77,E 7th Av,North,,,1,Prior 2010,,,,
156,E 7th Av,South,,,2,2012,,,,
255,E 7th Av,North,,,2,2015,,,,
265,E 7th Av,North,,,3,2015,,,,
303,E 8th Av,North,,,1,Prior 2010,,,,
1600,E 8th Av,North,,,1,2012,,,,
5,E 8th St,South,,,4,2013,,,,
105,E Broadway,North,,,1,Prior 2010,,,,
127,E Broadway,North,,,1,Prior 2010,,,,
518,E Broadway,South,,,1,2015,,,,
612,E Broadway,South,,,2,2011,,,,
615,E Broadway,North,,,1,Prior 2010,,,,
800,E Broadway,South,,,1,Prior 2010,,,,
1037,E Broadway,North,,,2,2015,,,,
1458,E Broadway,South,,,1,2013,,,,
1464,E Broadway,South,,,1,2013,,,,
1725,E Broadway,North,Commercial-Broadway,,4,2012,,,,
2406,E Broadway,South,,n/a,2,2016,,,,
8,E Cordova St,South,,GT,1,2012,,,,
44,E Cordova St,South,,GT,1,Prior 2010,,,,
63,E Cordova St,North,,GT,1,2012,,,,
93,E Cordova St,North,,GT,1,2012,,,,
138,E Cordova St,South,,GT,2,Prior 2010,,,,
208,E Georgia St,South,,CHTN,1,2012,,,,
217,E Georgia St,North,,CHTN,1,2016,,,,
239,E Georgia St,North,,CHTN,1,Prior 2010,,,,
239,E Georgia St,North,,CHTN,1,2012,,,,
501,E Georgia St,North,,CHTN,1,2014,,,,
501,E Georgia St,North,,CHTN,2,2012,,,,
628,E Georgia St,South,,CHTN,1,Prior 2010,,,,
288,E Hastings St,South,,CHTN,1,2014,,,,
320,E Hastings St,South,,,3,2015,,,,
326,E Hastings St,South,,,1,2015,,,,
403,E Hastings St,North,,STRC,1,2012,,,,
449,E Hastings St,North,,,1,Prior 2010,,,,
533,E Hastings St,North,,,1,Prior 2010,,,,
533,E Hastings St,North,,,1,2013,,,,
573,E Hastings St,North,,STRC,1,2012,,,,
601,E Hastings St,North,,STRC,1,2014,,,,
638,E Hastings St,South,,,1,2015,,,,
649,E Hastings St,South,,STRC,1,2014,,,,
651,E Hastings St,South,,STRC,1,2014,,,,
660,E Hastings St,South,,,1,2015,,,,
678,E Hastings St,South,,,1,2015,,,,
684,E Hastings St,South,,,1,Prior 2010,,,,
701,E Hastings St,North,,STRC,1,2014,,,,
708,E Hastings St,South,,,1,2015,,,,
717,E Hastings St,North,,STRC,1,2014,,,,
769,E Hastings St,North,,STRC,2,2012,,,,
769,E Hastings St,North,,STRC,1,2013,,,,
828,E Hastings St,South,,,1,2015,,,,
843,E Hastings St,North,,STRC,1,2012,,,,
855,E Hastings St,North,,,1,2015,,,,
872,E Hastings St,South,,,1,2015,,,,
875,E Hastings St,North,,,1,2015,,,,
878,E Hastings St,South,,,1,2015,,,,
879,E Hastings St,North,,,1,2015,,,,
890,E Hastings St,South,,STRC,3,2016,,,,
895,E Hastings St,North,,STRC,1,2016,,,,
1222,E Hastings St,South,,,2,2015,,,,
1298,E Hastings St,South,,,3,2015,,,,
1489,E Hastings St,North,,,1,2012,,,,
1489,E Hastings St,West,,,2,2014,,,,
1618,E Hastings St,South,,,1,Prior 2010,,,,
1618,E Hastings St,South,,,1,2012,,,,
1736,E Hastings St,South,,,1,2012,,,,
1756,E Hastings St,South,,,1,2012,,,,
1909,E Hastings St,North,,,1,Prior 2010,,,,
2296,E Hastings St,South,,STRC,1,2014,,,,
2342,E Hastings St,South,,,1,Prior 2010,,,,
2465,E Hastings St,North,,HN,1,2013,,,,
2510,E Hastings St,South,,,1,Prior 2010,,,,
2585,E Hastings St,North,,,1,Prior 2010,,,,
2614,E Hastings St,South,,,1,Prior 2010,,,,
2647,E Hastings St,North,,,1,2012,,,,
2674,E Hastings St,South,,,1,Prior 2010,,,,
2769,E Hastings St,North,,,2,Prior 2010,,,,
3423,E Hastings St,North,,,1,2011,,,,
3433,E Hastings St,North,,,1,Prior 2010,,,,
3435,E Hastings St,North,,,1,2011,,,,
3475,E Hastings St,North,,,1,2011,,,,
3501,E Hastings St,North,,,1,2011,,,,
3550,E Hastings St,South,,,1,Prior 2010,,,,
3550,E Hastings St,South,,,3,2011,,,,
3561,E Hastings St,North,,,1,2011,,,,
3578,E Hastings St,South,,,1,Prior 2010,,,,
3599,E Hastings St,North,,,1,2011,,,,
3622,E Hastings St,South,,,1,2011,,,,
3660,E Hastings St,South,,,2,2011,,,,
3683,E Hastings St,North,,,2,2011,,,,
100,E Pender St,South,,,1,Prior 2010,,,,
142,E Pender St,South,,,1,2012,,,,
1220,E Pender St,South,,,2,2015,,,,
1523,E Pender St,North,,,3,2015,,,,
5720,East Boulevard,East,,,1,2012,,,,
1809,Fir St,West,,,1,2012,,,,
1810,Fir St,East,,,5,Prior 2010,,,,
1223,Frances St,North,,,1,2015,,,,
1104,Franklin St,South,,,1,2015,,,,
1112,Franklin St,South,,,1,2015,,,,
1338,Franklin St,South,,,2,2015,,,,
3207,Fraser St,South,,,1,2011,,,,
3213,Fraser St,West,,,1,2011,,,,
3227,Fraser St,West,,,1,2011,,,,
3245,Fraser St,West,,,3,2013,,,,
3381,Fraser St,West,,,1,2013,,,,
3455,Fraser St,West,,,1,2013,,,,
3469,Fraser St,West,,,1,2013,,,,
3485,Fraser St,West,,,2,2013,,,,
3497,Fraser St,West,,,1,2012,,,,
4097,Fraser St,West,,,1,2012,,,,
4129,Fraser St,West,,,1,2012,,,,
4153,Fraser St,West,,,1,2012,,,,
4208,Fraser St,East,,n/a,3,2016,,,,
4230,Fraser St,East,,,1,2012,,,,
4238,Fraser St,East,,n/a,1,2016,,,,
4259,Fraser St,West,,,1,2012,,,,
4287,Fraser St,West,,,2,2013,,,,
4288,Fraser St,East,,,1,2012,,,,
4304,Fraser St,East,,,1,2012,,,,
4305,Fraser St,West,,,1,2012,,,,
4326,Fraser St,East,,,2,2015,,,,
4386,Fraser St,East,,,1,2012,,,,
4588,Fraser St,East,,,1,2013,,,,
4590,Fraser St,East,,,2,2012,,,,
4950,Fraser St,East,,,1,2012,,,,
5550,Fraser St,East,,,1,Prior 2010,,,,
5838,Fraser St,East,,SHL,2,2011,,,,
5907,Fraser St,West,,SHL,1,2011,,,,
5914,Fraser St,East,,SHL,1,2011,,,,
5955,Fraser St,West,,,1,2015,,,,
5965,Fraser St,West,,,1,2015,,,,
5989,Fraser St,West,,,1,2015,,,,
6007,Fraser St,West,,,1,2012,,,,
6105,Fraser St,West,,SHL,1,2011,,,,
6108,Fraser St,East,,SHL,1,2011,,,,
6204,Fraser St,East,,SHL,1,2011,,,,
6207,Fraser St,West,,SHL,1,2011,,,,
6294,Fraser St,East,,,1,Prior 2010,,,,
6305,Fraser St,West,,,2,Prior 2010,,,,
6330,Fraser St,East,,SHL,1,2011,,,,
6434,Fraser St,East,,SHL,1,2011,,,,
6504,Fraser St,East,,SHL,1,2011,,,,
6505,Fraser St,West,,SHL,1,2011,,,,
1154,Gilford St,East,,,1,Prior 2010,,,,
189,Gore Av,West,,,1,2012,,,,
789,Gore Av,West,,,2,Prior 2010,,,,
747,Gore St,West,,CHTN,1,2013,,,,
789,Gore St,North,,CHTN,2,2013,,,,
2825,Grandview Highway,North,,,2,2015,,,,
2825,Grandview Hwy,North,,,2,2013,,,,
470,Granville St,East,,,1,Prior 2010,,,,
540,Granville St,East,,,1,Prior 2010,,,,
543,Granville St,West,,,1,Prior 2010,,,,
736,Granville St,East,,,1,Prior 2010,,,,
798,Granville St,East,,,1,Prior 2010,,,,
819,Granville St,West,,,1,Prior 2010,,,,
850,Granville St,East,,,1,Prior 2010,,,,
881,Granville St,West,,,1,Prior 2010,,,,
929,Granville St,West,,,1,Prior 2010,,,,
1025,Granville St,West,,,1,Prior 2010,,,,
1043,Granville St,West,,,1,Prior 2010,,,,
1117,Granville St,West,,,4,2012,,,,
1149,Granville St,West,,,1,Prior 2010,,,,
1149,Granville St,West,,DVBIA,2,2013,,,,
1176,Granville St,East,,,2,Prior 2010,,,,
1208,Granville St,East,,,4,2012,,,,
1265,Granville St,West,,,1,Prior 2010,,,,
1306,Granville St,East,,,3,2015,,,,
2247,Granville St,West,,,1,Prior 2010,,,,
2335,Granville St,West,,SGV,1,2013,,,,
2447,Granville St,West,,,1,Prior 2010,,,,
2516,Granville St,East,,SGV,1,2013,,,,
2590,Granville St,East,,,1,Prior 2010,,,,
2600,Granville St,East,,,1,Prior 2010,,,,
2600,Granville St,East,,SGV,1,2013,,,,
2601,Granville St,West,,,1,Prior 2010,,,,
2609,Granville St,West,,SGV,1,2013,,,,
2658,Granville St,East,,SGV,1,2013,,,,
2705,Granville St,West,,SGV,1,2013,,,,
2723,Granville St,West,,SGV,1,2013,,,,
2750,Granville St,East,,SGV,1,2013,,,,
2775,Granville St,West,,,1,Prior 2010,,,,
2801,Granville St,West,,SGV,1,2013,,,,
2814,Granville St,East,,,1,Prior 2010,,,,
2888,Granville St,East,,SGV,1,2013,,,,
2977,Granville St,West,,SGV,1,2013,,,,
2996,Granville St,East,,,1,Prior 2010,,,,
2997,Granville St,West,,SGV,1,2013,,,,
3007,Granville St,West,,,1,2015,,,,
3010,Granville St,East,,SGV,1,2013,,,,
3014,Granville St,East,,,1,Prior 2010,,,,
3047,Granville St,West,,,1,2015,,,,
3061,Granville St,West,,,1,2015,,,,
3097,Granville St,North,,SGV,1,2013,,,,
3149,Granville St,West,,SGV,1,2013,,,,
7985,Granville St,West,,,2,Prior 2010,,,,
7985,Granville St,West,,MRP,1,2012,,,,
8002,Granville St,East,,,1,Prior 2010,,,,
8075,Granville St,West,,,2,Prior 2010,,,,
8155,Granville St,West,,MRP,1,2012,,,,
8168,Granville St,East,,MRP,1,2012,,,,
8273,Granville St,West,,MRP,1,2012,,,,
8289,Granville St,West,,,1,Prior 2010,,,,
8324,Granville St,East,,MRP,1,2012,,,,
8333,Granville St,West,,MRP,1,2012,,,,
8435,Granville St,West,,MRP,1,2012,,,,
8490,Granville St,East,,MRP,1,2012,,,,
8594,Granville St,East,,,1,Prior 2010,,,,
8630,Granville St,East,,MRP,1,2012,,,,
8662,Granville St,East,,,1,Prior 2010,,,,
8662,Granville St,East,,MRP,1,2012,,,,
8679,Granville St,West,,MRP,1,2012,,,,
8697,Granville St,West,,,1,Prior 2010,,,,
800,Griffiths Way,East,,,1,Prior 2010,,,,
555,Hamilton St,North,,,1,Prior 2010,,,,
858,Hamilton St,East,,,1,2015,,,,
877,Hamilton St,East,,,3,2015,,,,
878,Hamilton St,East,,,1,2015,,,,
883,Hamilton St,West,,,1,2015,,,,
888,Hamilton St,North,,YT,1,2016,,,,
1020,Hamilton St,South,,YT,4,2016,,,,
1090,Hamilton St,South,,,1,Prior 2010,,,,
1009,Harwood St,North,,,2,2015,,,,
2500,Heather St,East,,,1,2012,,,,
2530,Heather St,East,,,1,Prior 2010,,,,
3195,Heather St,West,,,1,2012,,,,
3261,Heather St,West,,,1,Prior 2010,,,,
3265,Heather St,West,,,1,2015,,,,
3275,Heather St,West,,,1,2015,,,,
3275,Heather St,West,,,2,2015,,,,
409,Heatley Av,West,,STRC,1,2012,,,,
500,Helmcken St,South,,,2,2012,,,,
508,Helmcken St,South,,,1,Prior 2010,,,,
540,Helmcken St,South,,,1,Prior 2010,,,,
575,Helmcken St,North,,DVBIA,1,2016,,,,
600,Helmcken St,South,,,2,2012,,,,
600,Helmcken St,North,,,3,2012,,,,
609,Helmcken St,West,,,2,Prior 2010,,,,
609,Helmcken St,North,,DVBIA,3,2016,,,,
649,Helmcken St,West,,,1,Prior 2010,,,,
1085,Helmcken St,West,,,1,2011,,,,
318,Homer St,East,,,1,Prior 2010,,,,
318,Homer St,East,,,1,2011,,,,
420,Homer St,East,,,2,Prior 2010,,,,
514,Homer St,East,,,1,2011,,,,
777,Homer St,West,,,3,2013,,,,
855,Homer St,North,,DVBIA,2,2016,,,,
856,Homer St,East,,,1,Prior 2010,,,,
891,Homer St,West,,,2,Prior 2010,,,,
1006,Homer St,East,,,1,2011,,,,
1008,Homer St,South,,YT,5,2016,,,,
1062,Homer St,East,,,1,2011,,,,
1068,Homer St,East,,,1,Prior 2010,,,,
1090,Homer St,East,,,2,Prior 2010,,,,
1095,Homer St,West,,,1,Prior 2010,,,,
1096,Homer St,East,,,1,2011,,,,
1122,Homer St,East,,,1,2011,,,,
1144,Homer St,East,,,1,Prior 2010,,,,
1148,Homer St,East,,,1,2011,,,,
1180,Homer St,East,,,1,Prior 2010,,,,
1238,Homer St,East,,,1,2011,,,,
1290,Homer St,East,,,1,Prior 2010,,,,
1359,Hornby,West,,DVBIA,2,2014,,,,
400,Hornby St,,,DVBIA,6,2016,,,,
586,Hornby St,East,,,1,Prior 2010,,,,
811,Hornby St,West,,,1,Prior 2010,,,,
815,Hornby St,West,,,2,Prior 2010,,,,
815,Hornby St,West,,,1,2013,,,,
951,Hornby St,West,,,1,2012,,,,
1001,Hornby St,West,,,3,2015,,,,
1054,Hornby St,East,,,1,2012,,,,
1082,Hornby St,East,,,1,2012,,,,
1090,Hornby St,East,,,1,2012,,,,
1177,Hornby St,West,,,1,Prior 2010,,,,
1401,Hornby St,West,,,1,2011,,,,
1401,Hornby St,West,,,1,2010,,,,
1451,Hornby St,West,,,3,2012,,,,
325,Howe St,West,,,1,Prior 2010,,,,
466,Howe St,East,,,1,2012,,,,
466,Howe St,East,,,1,2011,,,,
535,Howe St,West,,,1,Prior 2010,,,,
555,Howe St,West,,,1,Prior 2010,,,,
595,Howe St,West,,,1,Prior 2010,,,,
595,Howe St,West,,,2,2015,,,,
600,Howe St,East,,,4,2015,,,,
625,Howe St,West,,,1,Prior 2010,,,,
1095,Howe St,West,,,1,Prior 2010,,,,
1512,Howe St,East,,,1,Prior 2010,,,,
1811,Howe St,West,,,1,Prior 2010,,,,
20,Jackson Av,East,,,3,2015,,,,
1100,Jervis St ,East,,,1,2012,,,,
5082,Joyce St,East,,,1,2014,,,,
5099,Joyce St,North,Joyce-Collingwood,,3,2012,,,,
5128,Joyce St,East,,,1,2014,,,,
5160,Joyce St,East,,,1,2014,,,,
145,Keefer St,North,,,1,2012,,,,
232,Keefer St,South,,,1,2012,,,,
2300,Keith St,West,,,1,2012,,,,
39,Kingsway,North,,,3,2015,,,,
76,Kingsway,West,,,2,2012,,,,
188,Kingsway,West,,,1,2013,,,,
355,Kingsway,North,,MP,4,2016,,,,
359,Kingsway,North,,,1,Prior 2010,,,,
398,Kingsway,South,,,1,2013,,,,
488,Kingsway,South,,,1,2013,,,,
500,Kingsway,South,,,1,2013,,,,
560,Kingsway,South,,,1,2013,,,,
612,Kingsway,South,,,1,Prior 2010,,,,
650,Kingsway,South,,,1,Prior 2010,,,,
772,Kingsway,South,,,1,2015,,,,
776,Kingsway,South,,,1,2015,,,,
856,Kingsway,South,,,1,2015,,,,
868,Kingsway,South,,,1,Prior 2010,,,,
888,Kingsway,South,,,1,2015,,,,
898,Kingsway,South,,,3,2015,,,,
934,Kingsway,South,,,1,2015,,,,
1009,Kingsway,North,,,1,2015,,,,
1021,Kingsway,North,,,1,2015,,,,
1022,Kingsway,South,,,1,2015,,,,
1022,Kingsway,South,,,1,2015,,,,
1055,Kingsway,North,,,2,2015,,,,
1072,Kingsway,South,,,1,2015,,,,
1096,Kingsway,South,,,1,2015,,,,
1097,Kingsway,North,,,2,2015,,,,
1134,Kingsway,South,,,1,2015,,,,
1170,Kingsway,South,,,1,2015,,,,
1196,Kingsway,South,,,1,2015,,,,
1238,Kingsway,South,,,1,2015,,,,
1240,Kingsway,South,,,1,2015,,,,
1243,Kingsway,North,,,1,2015,,,,
1279,Kingsway,North,,,1,2015,,,,
1284,Kingsway,South,,,1,2014,,,,
1284,Kingsway,South,,,1,2015,,,,
1299,Kingsway,North,,,1,2015,,,,
1303,Kingsway,North,,,1,Prior 2010,,,,
1303,Kingsway,North,,,2,2015,,,,
1327,Kingsway,North,,,1,2014,,,,
1333,Kingsway,North,,,1,2014,,,,
1346,Kingsway,South,,,1,2014,,,,
1356,Kingsway,South,,,1,2014,,,,
1391,Kingsway,North,,,1,2014,,,,
1398,Kingsway,South,,,1,2014,,,,
1409,Kingsway,North,,,1,2013,,,,
1427,Kingsway,North,,,1,2013,,,,
1432,Kingsway,South,,,1,Prior 2010,,,,
1459,Kingsway,North,,,1,Prior 2010,,,,
1475,Kingsway,North,,,1,2011,,,,
1680,Kingsway,South,,,1,2013,,,,
1760,Kingsway,South,,,1,2013,,,,
1818,Kingsway,South,,,1,2013,,,,
1850,Kingsway,South,,,1,2013,,,,
2066,Kingsway,South,,,1,2012,,,,
2127,Kingsway,North,,,1,2012,,,,
2298,Kingsway,South,,n/a,3,2016,,,,
2310,Kingsway,South,,,3,2015,,,,
2386,Kingsway,South,,,1,2014,,,,
2392,Kingsway,South,,,1,2014,,,,
2536,Kingsway,South,,,1,2013,,,,
2934,Kingsway,South,,,1,2013,,,,
3012,Kingsway,South,,CWD,1,2013,,,,
3490,Kingsway,South,,CWD,1,2013,,,,
3541,Kingsway,North,,,1,Prior 2010,,,,
3544,Kingsway,South,,CWD,1,2013,,,,
3546,Kingsway,South,,CWD,1,2013,,,,
3617,Kingsway,North,,CWD,1,2013,,,,
3665,Kingsway,North,,CWD,2,2013,,,,
3919,Knight St,West,,,1,2014,,,,
405,Kootenay St,West,,,2,2011,,,,
5818,Lincoln St,East,,,1,Prior 2010,,,,
2001,Macdonald St,South,,,1,2012,,,,
2001,Macdonald st,West,,,1,2013,,,,
4017,Macdonald St,West,,n/a,1,2016,,,,
4021,Macdonald St,West,,n/a,1,2016,,,,
4027,Macdonald St,West,,n/a,1,2016,,,,
4055,Macdonald St,West,,n/a,1,2016,,,,
4075,Macdonald St,West,,n/a,1,2016,,,,
4105,Macdonald St,West,,n/a,1,2016,,,,
4107,Macdonald St,West,,n/a,1,2016,,,,
4109,Macdonald St,West,,,1,Prior 2010,,,,
4889,Mackenzie St,West,,,1,Prior 2010,,,,
4894,Mackenzie St,East,,,1,Prior 2010,,,,
101,Main St,West,,,3,2015,,,,
121,Main St,West,,,1,Prior 2010,,,,
179,Main St,West,,,1,2015,,,,
180,Main St,East,,,2,2015,,,,
222,Main St,East,,,1,2012,,,,
231,Main St,West,,,2,2013,,,,
245,Main St,West,,,2,2015,,,,
247,Main St,West,,,1,2015,,,,
309,Main St,West,,,1,2012,,,,
416,Main St,East,,,2,2012,,,,
506,Main St,East,,,1,2012,,,,
700,Main St,East,,,2,2012,,,,
708,Main St,East,,,1,2012,,,,
728,Main St,East,,,1,2012,,,,
917,Main St,West,,,2,2012,,,,
917,Main St,West,,,2,2013,,,,
928,Main St,East,,,2,2012,,,,
1008,Main St,South,,,1,2012,,,,
1011,Main St,West,,,1,Prior 2010,,,,
1399,Main St,West,Main St-Science World,,4,2012,,,,
1965,Main St,West,,,2,Prior 2010,,,,
2015,Main St,West,,,2,2015,,,,
2136,Main St,East,,,2,2015,,,,
2148,Main St,East,,,1,2013,,,,
2148,Main St,East,,,1,2014,,,,
2148,Main St,East,,,2,2015,,,,
2152,Main St,East,,,3,2015,,,,
2218,Main St,East,,,1,Prior 2010,,,,
2345,Main St,West,,,2,2015,,,,
2403,Main St,West,,,1,2015,,,,
2429,Main St,West,,,1,2015,,,,
2541,Main St,West,,,1,2015,,,,
2543,Main St,West,,,1,Prior 2010,,,,
2549,Main St,West,,,1,2015,,,,
2600,Main St,East,,,1,Prior 2010,,,,
2616,Main St,East,,,1,2015,,,,
2630,Main St,East,,,2,2015,,,,
2655,Main St,West,,,1,Prior 2010,,,,
2702,Main St,East,,,1,2015,,,,
2812,Main St,East,,,1,2012,,,,
2818,Main St,East,,,1,2012,,,,
2828,Main St,East,,,1,Prior 2010,,,,
2830,Main St,East,,,1,2015,,,,
2899,Main St,West,,,1,2015,,,,
2902,Main St,East,,,1,2015,,,,
2949,Main St,West,,,1,Prior 2010,,,,
2970,Main St,East,,,1,Prior 2010,,,,
2980,Main St,East,,,1,Prior 2010,,,,
3010,Main St,East,,,1,Prior 2010,,,,
3010,Main St,East,,,1,2015,,,,
3045,Main St,West,,,2,Prior 2010,,,,
3080,Main St,East,,,1,2015,,,,
3096,Main St,East,,,2,2015,,,,
3102,Main St,East,,,1,Prior 2010,,,,
3418,Main St,East,,,2,2015,,,,
3425,Main St,West,,,2,2015,,,,
3443,Main St,West,,,1,2015,,,,
3448,Main St,East,,,1,2015,,,,
3463,Main St,West,,,1,Prior 2010,,,,
3463,Main St,West,,,1,2015,,,,
3511,Main St,West,,,2,2015,,,,
3561,Main St,West,,,2,2015,,,,
3573,Main St,West,,,1,2015,,,,
3585,Main St,West,,,1,2015,,,,
3603,Main St,West,,,2,2015,,,,
3699,Main St,West,,,1,Prior 2010,,,,
3699,Main St,West,,,2,2015,,,,
3757,Main St,West,,,1,2015,,,,
3795,Main St,West,,,1,2015,,,,
3835,Main St,West,,,1,2012,,,,
3878,Main St,East,,,1,2015,,,,
3882,Main St,East,,,1,2015,,,,
3941,Main St,West,,,2,2015,,,,
3950,Main St,East,,,1,2015,,,,
4071,Main St,West,,,2,2013,,,,
4124,Main St,East,,,1,2015,,,,
4129,Main St,West,,,1,2015,,,,
4136,Main St,East,,,1,2015,,,,
4162,Main St,East,,,1,2015,,,,
4172,Main St,West,,,1,Prior 2010,,,,
4198,Main St,East,,,1,2015,,,,
4205,Main St,East,,,1,Prior 2010,,,,
4216,Main St,East,,,1,2015,,,,
4219,Main St,West,,,1,2015,,,,
4262,Main St,East,,,1,2015,,,,
4288,Main St,East,,,1,2015,,,,
4301,Main St,West,,,1,2015,,,,
4355,Main St,West,,,1,2015,,,,
4363,Main St,West,,,1,Prior 2010,,,,
4401,Main St,West,,,1,2015,,,,
4423,Main St,West,,,2,2015,,,,
4433,Main St,West,,,1,2015,,,,
4456,Main St,East,,,1,2015,,,,
4464,Main St,East,,,1,2015,,,,
4475,Main St,West,,,2,2015,,,,
4510,Main St,East,,,1,2015,,,,
4514,Main St,East,,,1,2015,,,,
4515,Main St,West,,,1,2011,,,,
4531,Main St,West,,,1,2011,,,,
4554,Main St,East,,,1,2015,,,,
4560,Main St,East,,,1,2015,,,,
4570,Main St,East,,,1,Prior 2010,,,,
4575,Main St,West,,,2,2015,,,,
4628,Main St,East,,,2,2015,,,,
4645,Main St,West,,,1,2015,,,,
4673,Main St,West,,,1,2015,,,,
4750,Main St,East,,,1,2012,,,,
4825,Main St,West,,,2,2015,,,,
4871,Main St,West,,,1,2015,,,,
4873,Main St,West,,,1,2015,,,,
5685,Main St,West,,,1,Prior 2010,,,,
5749,Main St,West,,,1,Prior 2010,,,,
900,Mainland St,West,,,1,2012,,,,
910,Mainland St,South,,,1,2013,,,,
1020,Mainland St,South,,YT,3,2016,,,,
1195,Mainland St,North,,,1,Prior 2010,,,,
1605,Manitoba St,West,,,5,2012,,,,
1945,Manitoba St,West,,,1,2012,,,,
1200,Marinaside Crescent,South,,,1,2012,,,,
1228,Marinaside Crescent ,South,,,4,Prior 2010,,,,
1205,Melville St,North,,,2,2015,,,,
127,N Templeton Drive,West,,,1,2012,,,,
1316,Nanaimo St,East,,,1,2014,,,,
1340,Nanaimo St,East,,,1,2014,,,,
1386,Nanaimo St,East,,,1,2014,,,,
1390,Nanaimo St,East,,,1,2014,,,,
200,Nelson St,South,,YT,2,2016,,,,
3108,Oak St,East,,,2,2015,,,,
3208,Oak St,East,,,1,Prior 2010,,,,
3244,Oak St,East,,,1,Prior 2010,,,,
189,Ontario Place,North,,,1,Prior 2010,,,,
1836,Ontario St,East,,,2,2014,,,,
1863,Ontario St,West,,,2,2014,,,,
2515,Ontario St,West,,,1,Prior 2010,,,,
1108,Pacific Boulevard,South,,,1,2015,,,,
1108,Pacific Boulevard,South,,YT,1,2016,,,,
1156,Pacific Boulevard,South,,,1,2015,,,,
1156,Pacific Boulevard,South,,YT,1,2016,,,,
1165,Pacific Boulevard,North,,,1,2015,,,,
1165,Pacific Boulevard,North,,YT,1,2016,,,,
1195,Pacific Boulevard,North,,,2,2015,,,,
1195,Pacific Boulevard,North,,YT,2,2016,,,,
1196,Pacific Boulevard,South,,,1,2015,,,,
1196,Pacific Boulevard,South,,YT,1,2016,,,,
1205,Pacific Boulevard,North,,,1,2015,,,,
1205,Pacific Boulevard,North,,YT,1,2016,,,,
1213,Pacific Boulevard,North,,,1,2015,,,,
1213,Pacific Boulevard,North,,YT,1,2016,,,,
1251,Pacific Boulevard,North,,,1,2015,,,,
1251,Pacific Boulevard,North,,YT,1,2016,,,,
1267,Pacific Boulevard,North,,,1,2015,,,,
1267,Pacific Boulevard,North,,YT,1,2016,,,,
1268,Pacific Boulevard,South,,,1,2015,,,,
1268,Pacific Boulevard,South,,YT,1,2016,,,,
1279,Pacific Boulevard,North,,,1,Prior 2010,,,,
1282,Pacific Boulevard,South,,,1,2015,,,,
1282,Pacific Boulevard,South,,YT,1,2016,,,,
1300,Pacific Boulevard,South,,,1,2012,,,,
1300,Pacific Boulevard,South,,,3,2015,,,,
1300,Pacific Boulevard,South,,n/a,3,2016,,,,
2855,Point Grey Rd,North,,,2,2014,,,,
3215,Point Grey Rd,North,,,2,2014,,,,
3700,Point Grey Rd,North,,,2,2014,,,,
40,Powell St,South,,GT,1,2012,,,,
43,Powell St,North,,GT,1,2012,,,,
253,Powell St,North,,,1,2012,,,,
300,Powell St,South,,STRC,2,2012,,,,
362,Powell St,South,,STRC,2,2012,,,,
374,Powell St,South,,STRC,1,2012,,,,
398,Powell St,South,,STRC,1,2012,,,,
403,Powell St,North,,STRC,1,2012,,,,
415,Powell St,North,,STRC,1,2012,,,,
429,Powell St,North,,STRC,1,2012,,,,
451,Powell St,North,,STRC,1,2012,,,,
453,Powell St,North,,STRC,1,2012,,,,
477,Powell St,North,,,4,2015,,,,
528,Powell St,South,,,1,Prior 2010,,,,
537,Powell St,North,,STRC,3,2012,,,,
543,Powell St,North,,,1,Prior 2010,,,,
550,Powell St,South,,STRC,1,2012,,,,
566,Powell St,South,,STRC,1,2012,,,,
569,Powell St,North,,,1,Prior 2010,,,,
569,Powell St,North,,STRC,1,2012,,,,
580,Powell St,South,,,1,Prior 2010,,,,
606,Powell St,South,,,1,Prior 2010,,,,
606,Powell St,South,,,2,2015,,,,
626,Powell St,South,,,1,2015,,,,
636,Powell St,South,,,1,2015,,,,
668,Powell St,South,,,2,2015,,,,
686,Powell St,South,,,2,2015,,,,
707,Powell St,North,,,2,2015,,,,
807,Powell St,North,,,2,2015,,,,
825,Powell St,North,,,1,2015,,,,
1315,Powell St,North,,,2,2015,,,,
1357,Powell St,North,,,3,2015,,,,
1435,Powell St,North,,,2,2015,,,,
1445,Powell St,North,,,1,2015,,,,
1449,Powell St,North,,,2,2015,,,,
1728,Powell St,North,,,1,2014,,,,
1729,Powell St,North,,,1,2014,,,,
2755,Prince Edward St,West,,,3,Prior 2010,,,,
1818,Quebec St,East,,n/a,3,2016,,,,
2043,Quebec St,West,,,1,2012,,,,
2323,Quebec St,West,,,2,2012,,,,
343,Railway,North,,,2,2014,,,,
343,Railway St,North,,,1,Prior 2010,,,,
395,Railway St,North,,STRC,1,2012,,,,
422,Railway St,South,,,1,2015,,,,
430,Railway St,South,,,2,2015,,,,
439,Railway St,North,,,1,2015,,,,
460,Railway St,South,,STRC,1,2012,,,,
460,Railway St,South,,,1,2015,,,,
505,Railway St,North,,,1,2015,,,,
440,Richards St,West,,,1,2011,,,,
500,Richards St,East,,,2,2012,,,,
509,Richards St,West,,,1,2015,,,,
555,Richards St,West,,,1,2011,,,,
577,Richards St,West,,,1,2011,,,,
808,Richards St,East,,,1,Prior 2010,,,,
910,Richards St,South,,DVBIA,3,2016,,,,
971,Richards St,West,,,2,Prior 2010,,,,
1188,Richards St,East,,,2,Prior 2010,,,,
1200,Richards St,East,,,1,2012,,,,
1320,Richards St,East,,,2,Prior 2010,,,,
1400,Richards St,West,,,1,2012,,,,
111,Robson St,North,,,1,2011,,,,
111,Robson St,West,,n/a,2,2016,,,,
118,Robson St,East,,YT,2,2016,,,,
211,Robson St,North,,n/a,2,2016,,,,
238,Robson St,South,,YT,1,2016,,,,
255,Robson St,North,,n/a,1,2016,,,,
265,Robson St,North,,n/a,1,2016,,,,
275,Robson St,North,,n/a,2,2016,,,,
280,Robson St,South,,YT,1,2016,,,,
298,Robson St,South,,YT,2,2016,,,,
340,Robson St,South,,YT,1,2016,,,,
350,Robson St,South,,YT,1,2016,,,,
410,Robson St,South,,YT,1,2016,,,,
430,Robson St,South,,YT,1,2016,,,,
433,Robson St,North,,,2,Prior 2010,,,,
480,Robson St,South,,,2,Prior 2010,,,,
480,Robson St,South,,,1,Prior 2010,,,,
516,Robson St,South,,,1,Prior 2010,,,,
550,Robson St,South,,,2,Prior 2010,,,,
608,Robson St,South,,,2,Prior 2010,,,,
1025,Robson St,North,,,2,Prior 2010,,,,
1025,Robson St,North,,,2,2012,,,,
1100,Robson St,South,,,4,2015,,,,
1150,Robson St,South,,,1,Prior 2010,,,,
1175,Robson St,North,,,1,Prior 2010,,,,
1182,Robson St,South,,,1,Prior 2010,,,,
1187,Robson St,North,,,1,Prior 2010,,,,
1225,Robson St,North,,,1,Prior 2010,,,,
1280,Robson St,South,,,1,Prior 2010,,,,
1290,Robson St,South,,,1,Prior 2010,,,,
1300,Robson St,South,,,1,Prior 2010,,,,
1323,Robson St,North,,,1,Prior 2010,,,,
1553,Robson St,North,,,1,Prior 2010,,,,
1688,Robson St,South,,,1,Prior 2010,,,,
1701,Robson St,North,,,1,Prior 2010,,,,
1716,Robson St,South,,,1,Prior 2010,,,,
1741,Robson St,North,,,1,Prior 2010,,,,
1766,Robson St,South,,,1,Prior 2010,,,,
1779,Robson St,North,,,1,Prior 2010,,,,
1785,Robson St,North,,,2,Prior 2010,,,,
1793,Robson St,North,,,1,Prior 2010,,,,
1800,Robson St,South,,,1,2012,,,,
1817,Robson St,North,,,2,Prior 2010,,,,
555,Seymour St,West,,,3,Prior 2010,,,,
655,Seymour St,West,Granville St,,4,2012,,,,
900,Seymour St,South,,DVBIA,1,2016,,,,
901,Seymour St,West,,,1,Prior 2010,,,,
930,Seymour St,North,,DVBIA,3,2016,,,,
1022,Seymour St,South,,DVBIA,3,2016,,,,
1067,Seymour St,West,,,1,Prior 2010,,,,
1067,Seymour St,West,,DVBIA,1,2016,,,,
1082,Seymour St,West,,DVBIA,2,2016,,,,
1092,Seymour St,West,,DVBIA,3,2016,,,,
1100,Seymour St,West,,,4,2012,,,,
1107,Seymour St,West,,,3,Prior 2010,,,,
1155,Seymour St,West,,DVBIA,1,2016,,,,
1160,Seymour St,East,,,1,Prior 2010,,,,
1181,Seymour St,West,,DVBIA,2,2016,,,,
1199,Seymour St,West,,DVBIA,1,2016,,,,
524,Shanghai Alley,East,,,1,2015,,,,
405,Skeena St,West,,,4,2011,,,,
79,Smithe St,North ,,,2,2014,,,,
79,Smithe St,North,,,2,2011,,,,
99,Smithe St,North ,,,1,2014,,,,
99,Smithe St,North,,,1,2011,,,,
101,Smithe St,North,,YT,3,2016,,,,
225,Smithe St,North,,YT,2,2016,,,,
355,Smithe St,North,,DVBIA,2,2016,,,,
589,Smithe St,North,,DVBIA,4,2016,,,,
601,Smithe St,North,,,1,Prior 2010,,,,
1000,Smithe St,North,,,1,2012,,,,
600,Stamps Landing,South,,n/a,1,2016,,,,
600,Stamps Landing,south,,n/a,2,2016,,,,
2025,Stephens St,West,,,2,Prior 2010,,,,
2025,Stephens St,West,,,2,2013,,,,
535,Thurlow St,West,,,1,2015,,,,
535,Thurlow St,West,,,1,2015,,,,
842,Thurlow St,East,,,1,Prior 2010,,,,
2480,Trafalgar St,East,,,2,Prior 2010,,,,
2590,Trimble St,East,,PGV,1,2011,,,,
1946,Triumph St,South,,,1,2012,,,,
2400,Trutch St,East,,WB,1,2011,,,,
219,Union St,North,,CHTN,1,2012,,,,
219,Union St,North,,CHTN,1,2013,,,,
221,Union St,North,,CHTN,1,2012,,,,
231,Union St,North,,CHTN,1,2012,,,,
241,Union St,North,,CHTN,1,2012,,,,
243,Union St,North,,CHTN,1,2012,,,,
251,Union St,North,,,1,Prior 2010,,,,
251,Union St,North,,CHTN,1,2013,,,,
255,Union St,North,,CHTN,1,2013,,,,
598,Union St,South,,,1,Prior 2010,,,,
1033,Venables St,North,,STRC,1,2012,,,,
1255,Venables St,North,,,1,2015,,,,
1420,Venables St,South,,,1,2015,,,,
1457,Venables St,North,,,1,2015,,,,
1461,Venables St,North,,,1,2015,,,,
1495,Venables St,North,,,1,2015,,,,
1503,Venables St,North,,,1,2015,,,,
1530,Venables St,South,,,1,2015,,,,
1685,Venables St,North,,,1,2015,,,,
1697,Venables St,North,,,1,Prior 2010,,,,
1302,Victoria Drive,East,,,1,Prior 2010,,,,
4932,Victoria Drive,East,,VDR,1,2012,,,,
4969,Victoria Drive,West,,VDR,1,2012,,,,
4990,Victoria Drive,East,,VDR,1,2012,,,,
5026,Victoria Drive,East,,VDR,1,2013,,,,
5037,Victoria Drive,West,,,1,Prior 2010,,,,
5038,Victoria Drive,East,,VDR,1,2013,,,,
5052,Victoria Drive,East,,VDR,1,2012,,,,
5057,Victoria Drive,West,,VDR,1,2012,,,,
5076,Victoria Drive,East,,VDR,1,2012,,,,
5124,Victoria Drive,East,,VDR,1,2012,,,,
5157,Victoria Drive,West,,VDR,1,2012,,,,
5239,Victoria Drive,West,,VDR,1,2012,,,,
5265,Victoria Drive,West,,VDR,1,2012,,,,
5393,Victoria Drive,West,,VDR,1,2012,,,,
5448,Victoria Drive,East,,VDR,1,2012,,,,
5449,Victoria Drive,West,,VDR,1,2012,,,,
5470,Victoria Drive,East,,VDR,1,2012,,,,
5492,Victoria Drive,East,,VDR,1,2012,,,,
5501,Victoria Drive,West,,VDR,1,2012,,,,
5579,Victoria Drive,West,,VDR,1,2012,,,,
5590,Victoria Drive,East,,,1,Prior 2010,,,,
5656,Victoria Drive,East,,VDR,1,2012,,,,
5661,Victoria Drive,West,,VDR,1,2012,,,,
5723,Victoria Drive,West,,VDR,1,2012,,,,
5732,Victoria Drive,East,,VDR,1,2012,,,,
5780,Victoria Drive,East,,VDR,1,2012,,,,
5807,Victoria Drive,West,,VDR,1,2012,,,,
5853,Victoria Drive,West,,VDR,1,2012,,,,
5885,Victoria Drive,West,,VDR,1,2012,,,,
6225,Victoria Drive,West,,VDR,1,2012,,,,
6370,Victoria Drive,East,,,1,Prior 2010,,,,
6404,Victoria Drive,East,,VDR,1,2012,,,,
6440,Victoria Drive,East,,VDR,1,2012,,,,
6470,Victoria Drive,East,,VDR,1,2012,,,,
6471,Victoria Drive,West,,VDR,2,2012,,,,
6495,Victoria Drive,West,,VDR,1,2012,,,,
6579,Victoria Drive,West,,,1,Prior 2010,,,,
6586,Victoria Drive,East,,VDR,1,2012,,,,
6647,Victoria Drive,West,,VDR,1,2012,,,,
6689,Victoria Drive,West,,VDR,1,2012,,,,
6904,Victoria Drive,East,,VDR,1,2012,,,,
6942,Victoria Drive,East,,VDR,1,2012,,,,
6945,Victoria Drive,West,,VDR,1,2012,,,,
6979,Victoria Drive,West,,VDR,1,2012,,,,
3702,W 10th Av,South,,,1,Prior 2010,,,,
3712,W 10th Av,South,,,1,2015,,,,
3730,W 10th Av,South,,,1,2015,,,,
3742,W 10th Av,South,,,1,2015,,,,
3743,W 10th Av,North,,,1,Prior 2010,,,,
3751,W 10th Av,North,,,1,Prior 2010,,,,
3751,W 10th Av,North,,,1,2015,,,,
3754,W 10th Av,South,,,1,Prior 2010,,,,
3760,W 10th Av,South,,,1,Prior 2010,,,,
3783,W 10th Av,North,,,1,Prior 2010,,,,
3785,W 10th Av,North,,,1,2015,,,,
3788,W 10th Av,South,,,1,Prior 2010,,,,
4326,W 10th Av,South,,,1,Prior 2010,,,,
4330,W 10th Av,South,,PGV,1,2011,,,,
4343,W 10th Av,North,,PGV,1,2011,,,,
4346,W 10th Av,South,,,1,Prior 2010,,,,
4358,W 10th Av,South,,,1,2015,,,,
4364,W 10th Av,South,,,1,2015,,,,
4370,W 10th Av,South,,,1,2015,,,,
4375,W 10th Av,North,,,1,Prior 2010,,,,
4387,W 10th Av,North,,PGV,1,2011,,,,
4397,W 10th Av,North,,,1,Prior 2010,,,,
4401,W 10th Av,North,,PGV,1,2011,,,,
4426,W 10th Av,South,,,1,Prior 2010,,,,
4434,W 10th Av,South,,,1,Prior 2010,,,,
4441,W 10th Av,North,,,1,Prior 2010,,,,
4441,W 10th Av,North,,PGV,1,2011,,,,
4444,W 10th Av,South,,,1,Prior 2010,,,,
4449,W 10th Av,North,,,1,Prior 2010,,,,
4455,W 10th Av,North,,,1,Prior 2010,,,,
4456,W 10th Av,South,,,1,Prior 2010,,,,
4459,W 10th Av,North,,,1,Prior 2010,,,,
4479,W 10th Av,North,,,1,Prior 2010,,,,
4480,W 10th Av,South,,,1,Prior 2010,,,,
4485,W 10th Av,North,,PGV,1,2011,,,,
4501,W 10th Av,North,,,1,Prior 2010,,,,
4501,W 10th Av,North,,PGV,1,2011,,,,
4502,W 10th Av,South,,,1,Prior 2010,,,,
4516,W 10th Av,South,,,1,Prior 2010,,,,
4520,W 10th Av,South,,PGV,1,2011,,,,
4530,W 10th Av,South,,PGV,1,2011,,,,
4538,W 10th Av,South,,,1,Prior 2010,,,,
4538,W 10th Av,South,,PGV,1,2011,,,,
4545,W 10th Av,North,,,1,Prior 2010,,,,
4545,W 10th Av,North,,PGV,1,2011,,,,
4580,W 10th Av,South,,,1,Prior 2010,,,,
4597,W 10th Av,North,,PGV,1,2011,,,,
1510,W 11th Av,South,,,1,Prior 2010,,,,
1520,W 11th Av,South,,SGV,1,2013,,,,
1440,W 12th Av,South,,,1,Prior 2010,,,,
1507,W 12th Av,North,,,3,2012,,,,
2108,W 12th Av,South,,,1,2012,,,,
1500,W 13th Av,South,,,1,2012,,,,
1510,W 14th Av,South,,,1,Prior 2010,,,,
980,W 15th Av,South,,,1,2015,,,,
1520,W 15th Av,South,,SGV,1,2013,,,,
736,W 16th Av,South,,,1,2015,,,,
758,W 16th Av,South,,,1,2015,,,,
2100,W 16th Av,South,,,1,Prior 2010,,,,
2595,W 16th Av,North,,,1,2012,,,,
2595,W 16th Av,North,,,1,2012,,,,
2603,W 16th Av,North,,,2,2012,,,,
2607,W 16th Av,North,,,1,Prior 2010,,,,
2611,W 16th Av,North,,,1,2012,,,,
2627,W 16th Av,North,,,1,Prior 2010,,,,
2756,W 16th Av,South,,,1,Prior 2010,,,,
3195,W 16th Av,North,,,1,Prior 2010,,,,
3870,W 16th Av,South,,,1,Prior 2010,,,,
3637,W 17th Av,North,,,1,Prior 2010,,,,
85,W 1st Av,South,,,12,2014,,,,
106,W 1st Av,South,,,1,Prior 2010,,,,
1800,W 1st Av,South,,,2,Prior 2010,,,,
1809,W 1st Av,North,,,1,Prior 2010,,,,
1855,W 1st Av,North,,,2,Prior 2010,,,,
1898,W 1st Av,South,,,1,Prior 2010,,,,
1900,W 1st Av,South,,,1,Prior 2010,,,,
1900,W 1st Av,South,,,5,2015,,,,
1901,W 1st Av,North,,,1,2015,,,,
2100,W 1st Av,South,,,1,2012,,,,
2201,W 1st Av,West,,,1,2015,,,,
988,W 21st Av,South,,,1,Prior 2010,,,,
500,W 24th Av,North,,,1,2012,,,,
29,W 2nd Av,North,,,1,2012,,,,
52,W 2nd Av,South,,,2,2012,,,,
118,W 2nd Av,South,,,1,2012,,,,
336,W 2nd Av,South,,,1,2012,,,,
525,W 2nd Av,North,Olympic Village,,4,2012,,,,
1505,W 2nd Av,North,,,1,Prior 2010,,,,
1534,W 2nd Av,South,,,1,Prior 2010,,,,
1650,W 2nd Av,South,,,1,2012,,,,
1720,W 2nd Av,South,,,1,2012,,,,
1900,W 2nd Av,South,,,1,2012,,,,
2102,W 39th Av,South,,,1,Prior 2010,,,,
60,W 3rd Av,South,,,1,2012,,,,
105,W 3rd Av,North,,,1,2012,,,,
124,W 3rd Av,South,,,1,2012,,,,
126,W 3rd Av,South,,,1,2012,,,,
190,W 3rd Av,South,,,1,2012,,,,
290,W 3rd Av,South,,,1,2012,,,,
1701,W 3rd Av,North,,,2,2015,,,,
1751,W 3rd Av,North,,,1,2015,,,,
1777,W 3rd Av,North,,,1,Prior 2010,,,,
1780,W 3rd Av,South,,,1,Prior 2010,,,,
2107,W 40th Av,North,,,1,2012,,,,
2130,W 40th Av,South,,,1,2012,,,,
510,W 41st Av,South,Oakridge-41st,,4,2012,,,,
2021,W 41st Av,North,,,1,2012,,,,
2028,W 41st Av,South,,,1,Prior 2010,,,,
2057,W 41st Av,North,,,1,2012,,,,
2094,W 41st Av,South,,,1,2012,,,,
2120,W 41st Av,South,,,1,Prior 2010,,,,
2198,W 41st Av,South,,,1,2012,,,,
2208,W 41st Av,South,,,1,2012,,,,
2225,W 41st Av,North,,,1,Prior 2010,,,,
2225,W 41st Av,North,,,2,2012,,,,
2246,W 41st Av,South,,,1,2012,,,,
2253,W 41st Av,North,,,1,2012,,,,
2260,W 41st Av,South,,,1,2012,,,,
2267,W 41st Av,North,,,1,2012,,,,
2303,W 41st Av,North,,,1,Prior 2010,,,,
2305,W 41st Av,North,,,1,2012,,,,
2326,W 41st Av,South,,,1,Prior 2010,,,,
2326,W 41st Av,South,,,1,2012,,,,
2380,W 41st Av,South,,,1,Prior 2010,,,,
2443,W 41st Av,North,,,1,2012,,,,
2448,W 41st Av,South,,,1,2012,,,,
2496,W 41st Av,South,,,1,2012,,,,
3502,W 41st Av,South,,DBR,1,2016,,,,
3510,W 41st Av,South,,DBR,1,2016,,,,
3516,W 41st Av,South,,DBR,1,2016,,,,
3535,W 41st Av,North,,DBR,5,2016,,,,
3562,W 41st Av,South,,DBR,1,2016,,,,
3568,W 41st Av,South,,DBR,1,2016,,,,
3584,W 41st Av,South,,DBR,2,2016,,,,
3591,W 41st Av,North,,,1,Prior 2010,,,,
1988,W 49th Av,South,,,1,Prior 2010,,,,
165,W 4th,North,,,3,2014,,,,
38,W 4th Av,South,,,1,2012,,,,
149,W 4th Av,North,,,1,Prior 2010,,,,
163,W 4th Av,West,,,1,2012,,,,
165,W 4th Av,West,,,1,2012,,,,
1590,W 4th Av,South,,,2,2012,,,,
1599,W 4th Av,North,,,2,2012,,,,
1615,W 4th Av,North,,,1,Prior 2010,,,,
1618,W 4th Av,South,,,1,Prior 2010,,,,
1628,W 4th Av,South,,,1,2012,,,,
1707,W 4th Av,North,,KT,1,2017,,,,
1723,W 4th Av,North,,,1,2012,,,,
1731,W 4th Av,North,,,1,Prior 2010,,,,
1755,W 4th Av,North,,,1,Prior 2010,,,,
1755,W 4th Av,North,,,1,2012,,,,
1775,W 4th Av,North,,,1,Prior 2010,,,,
1793,W 4th Av,North,,,2,2012,,,,
1804,W 4th Av,South,,,1,2011,,,,
1823,W 4th Av,North,,,1,Prior 2010,,,,
1828,W 4th Av,South,,,1,2011,,,,
1843,W 4th Av,North,,,1,Prior 2010,,,,
1843,W 4th Av,North,,,1,2011,,,,
1855,W 4th Av,North,,,1,2011,,,,
1869,W 4th Av,North,,,1,Prior 2010,,,,
1885,W 4th Av,North,,,1,Prior 2010,,,,
1905,W 4th Av,North,,,1,2011,,,,
1906,W 4th Av,South,,,2,2011,,,,
1947,W 4th Av,North,,,1,Prior 2010,,,,
1961,W 4th Av,North,,,1,2011,,,,
1972,W 4th Av,South,,,1,Prior 2010,,,,
1985,W 4th Av,North,,,1,Prior 2010,,,,
1992,W 4th Av,South,,,1,2011,,,,
2010,W 4th Av,South,,,3,Prior 2010,,,,
2021,W 4th Av,North,,,1,2011,,,,
2023,W 4th Av,North,,,1,2011,,,,
2028,W 4th Av,South,,,1,2011,,,,
2033,W 4th Av,North,,,1,Prior 2010,,,,
2052,W 4th Av,South,,,1,2011,,,,
2061,W 4th Av,North,,,2,Prior 2010,,,,
2089,W 4th Av,North,,,1,Prior 2010,,,,
2136,W 4th Av,South,,,2,Prior 2010,,,,
2141,W 4th Av,North,,,1,2011,,,,
2141,W 4th Av,North,,,1,2010,,,,
2152,W 4th Av,South,,,1,2011,,,,
2152,W 4th Av,South,,,1,2010,,,,
2170,W 4th Av,South,,,1,2011,,,,
2170,W 4th Av,South,,,1,2010,,,,
2175,W 4th Av,North,,,1,Prior 2010,,,,
2198,W 4th Av,South,,,2,Prior 2010,,,,
2199,W 4th Av,North,,,1,2011,,,,
2199,W 4th Av,North,,,1,2010,,,,
2200,W 4th Av,South,,,8,Prior 2010,,,,
2206,W 4th Av,South,,,1,Prior 2010,,,,
2228,W 4th Av,South,,,1,2011,,,,
2228,W 4th Av,South,,,1,2010,,,,
2270,W 4th Av,South,,,1,Prior 2010,,,,
2274,W 4th Av,South,,,1,2011,,,,
2274,W 4th Av,South,,,1,2010,,,,
2302,W 4th Av,South,,,3,2011,,,,
2302,W 4th Av,South,,,3,2010,,,,
2340,W 4th Av,South,,,1,2011,,,,
2340,W 4th Av,South,,,1,2010,,,,
2356,W 4th Av,South,,,1,Prior 2010,,,,
2360,W 4th Av,South,,,1,Prior 2010,,,,
2383,W 4th Av,North,,,1,2011,,,,
2383,W 4th Av,North,,,1,2010,,,,
2388,W 4th Av,South,,,1,Prior 2010,,,,
2625,W 4th Av,North,,,1,2012,,,,
2645,W 4th Av,North,,,1,Prior 2010,,,,
2645,W 4th Av,North,,,1,2012,,,,
2660,W 4th Av,South,,,1,Prior 2010,,,,
2662,W 4th Av,South,,,1,Prior 2010,,,,
2662,W 4th Av,South,,,1,2012,,,,
2682,W 4th Av,South,,,1,2012,,,,
2695,W 4th Av,North,,,1,2012,,,,
2698,W 4th Av,East,,,1,2013,,,,
2702,W 4th Av,South,,,1,2012,,,,
2705,W 4th Av,North,,n/a,2,2016,,,,
2716,W 4th Av,South,,,1,2012,,,,
2722,W 4th Av,South,,,1,2012,,,,
2724,W 4th Av,South,,,1,Prior 2010,,,,
2724,W 4th Av,South,,n/a,1,2016,,,,
2737,W 4th Av,North,,n/a,2,2016,,,,
2741,W 4th Av,North,,,1,Prior 2010,,,,
2744,W 4th Av,South,,n/a,1,2016,,,,
2745,W 4th Av,North,,n/a,3,2016,,,,
2766,W 4th Av,South,,n/a,2,2016,,,,
2802,W 4th Av,South,,,1,Prior 2010,,,,
2828,W 4th Av,South,,,1,2012,,,,
2835,W 4th Av,North,,,1,2015,,,,
2836,W 4th Av,South,,,1,Prior 2010,,,,
2880,W 4th Av,South,,,1,2012,,,,
2919,W 4th Av,North,,,1,2013,,,,
2923,W 4th Av,North,,,1,2012,,,,
2929,W 4th Av,North,,,1,Prior 2010,,,,
2947,W 4th Av,North,,,1,2012,,,,
2952,W 4th Av,South,,,1,Prior 2010,,,,
2954,W 4th Av,South,,,1,2012,,,,
2958,W 4th Av,South,,,1,Prior 2010,,,,
2959,W 4th Av,North,,,2,2013,,,,
3303,W 4th Av,North,,,1,2012,,,,
3327,W 4th Av,North,,,1,2012,,,,
3337,W 4th Av,North,,,1,2012,,,,
3502,W 4th Av,South,,,1,Prior 2010,,,,
3502,W 4th Av,South,,,1,2012,,,,
3512,W 4th Av,South,,,1,2012,,,,
3525,W 4th Av,North,,,1,2012,,,,
3525,W 4th Av,North,,,2,2013,,,,
3545,W 4th Av,North,,,1,Prior 2010,,,,
3545,W 4th Av,North,,,1,2012,,,,
3570,W 4th Av,South,,,1,Prior 2010,,,,
3570,W 4th Av,South,,,1,2012,,,,
3571,W 4th Av,North,,,2,2012,,,,
3590,W 4th Av,South,,,1,2012,,,,
3598,W 4th Av,South,,,1,2012,,,,
3600,W 4th Av,South,,,1,Prior 2010,,,,
3605,W 4th Av,North,,,1,2012,,,,
3608,W 4th Av,South,,,1,Prior 2010,,,,
3608,W 4th Av,South,,,1,2012,,,,
3621,W 4th Av,North,,,1,Prior 2010,,,,
3644,W 4th Av,South,,,1,Prior 2010,,,,
3650,W 4th Av,South,,,1,2012,,,,
3651,W 4th Av,North,,,1,Prior 2010,,,,
3654,W 4th Av,South,,,1,Prior 2010,,,,
3661,W 4th Av,North,,,1,2012,,,,
3689,W 4th Av,North,,,1,Prior 2010,,,,
3689,W 4th Av,North,,,1,2012,,,,
375,W 5th,North,,,2,2014,,,,
164,W 5th Av,South,,,1,Prior 2010,,,,
188,W 5th Av,North,,,2,2012,,,,
188,W 5th Av,East,,,1,2013,,,,
28,W 5th Ave,South,,,1,2014,,,,
32,W 5th Ave,South,,,1,2014,,,,
204,W 6th,South,,,1,2014,,,,
112,W 6th Av,South,,,1,2012,,,,
196,W 6th Av,South,,,1,2013,,,,
199,W 6th Av,North,,,1,2013,,,,
1520,W 6th Av,South,,,1,Prior 2010,,,,
1595,W 6th Av,North,,,1,Prior 2010,,,,
1400,W 70th Av,South,,,2,2015,,,,
4,W 7th Av,South,,,1,2012,,,,
75,W 7th Av,North,,,1,2012,,,,
149,W 7th Av,North,,,3,2015,,,,
228,W 7th Av,South,,,1,2012,,,,
331,W 7th Av,North,,,1,2012,,,,
368,W 7th Av,South,,,3,2013,,,,
1399,W 7th Av,North,,,1,Prior 2010,,,,
1557,W 7th Av,North,,,2,2013,,,,
1581,W 7th Av,North,,,1,Prior 2010,,,,
386,W 8th,South,,,2,2014,,,,
402,W 8th,South,,,1,2014,,,,
457,W 8th,North,,,1,2014,,,,
473,W 8th,North,,,1,2014,,,,
510,W 8th,South,,,3,2014,,,,
33,W 8th Av,North,,,3,2012,,,,
77,W 8th Av,North,,,1,2012,,,,
138,W 8th Av,South,,,1,2012,,,,
156,W 8th Av,South,,,1,2012,,,,
224,W 8th Av,South,,,1,2012,,,,
260,W 8th Av,South,,,2,2012,,,,
288,W 8th Av,South,,,1,2012,,,,
342,W 8th Av,South,,,4,2011,,,,
386,W 8th Av,South,,,1,Prior 2010,,,,
390,W 8th Av,South,,,1,Prior 2010,,,,
428,W 8th Av,South,,,2,Prior 2010,,,,
900,W 8th Av,North,,,1,2012,,,,
1500,W 8th Av,South,,,1,2012,,,,
1525,W 8th Av,North,,,2,Prior 2010,,,,
1762,W 8th Av,South,,,1,2015,,,,
1765,W 8th Av,North,,,3,2015,,,,
1768,W 8th Av,South,,,1,2015,,,,
15,W 8th Ave,North,,,4,2014,,,,
42,W 8th Ave,South,,,1,2014,,,,
112,W Broadway,South,,,1,Prior 2010,,,,
130,W Broadway,South,,,4,Prior 2010,,,,
137,W Broadway,North,,,1,Prior 2010,,,,
147,W Broadway,North,,,1,Prior 2010,,,,
155,W Broadway,North,,,1,Prior 2010,,,,
195,W Broadway,North,,,1,Prior 2010,,,,
222,W Broadway,South,,,1,Prior 2010,,,,
230,W Broadway,South,,,1,Prior 2010,,,,
375,W Broadway,North,,,1,Prior 2010,,,,
496,W Broadway,South,Broadway-City Hall,,11,2012,,,,
500,W Broadway,South,,,1,Prior 2010,,,,
532,W Broadway,South,,,1,Prior 2010,,,,
601,W Broadway,North,,,1,Prior 2010,,,,
632,W Broadway,South,,,1,Prior 2010,,,,
665,W Broadway,North,,,2,Prior 2010,,,,
686,W Broadway,South,,,1,Prior 2010,,,,
695,W Broadway,North,,,1,Prior 2010,,,,
777,W Broadway,North,,,2,Prior 2010,,,,
885,W Broadway,North,,,1,Prior 2010,,,,
901,W Broadway,North,,,1,Prior 2010,,,,
906,W Broadway,South,,,1,Prior 2010,,,,
973,W Broadway,North,,,3,Prior 2010,,,,
999,W Broadway,North,,,1,2015,,,,
1030,W Broadway,South,,,1,Prior 2010,,,,
1037,W Broadway,North,,,1,2015,,,,
1063,W Broadway,North,,,1,2015,,,,
1088,W Broadway,South,,,1,2015,,,,
1089,W Broadway,North,,,1,2015,,,,
1128,W Broadway,South,,,1,Prior 2010,,,,
1245,W Broadway,North,,,1,2012,,,,
1245,W Broadway,North,,,1,2013,,,,
1268,W Broadway,South,,,1,Prior 2010,,,,
1278,W Broadway,South,,,1,2012,,,,
1285,W Broadway,North,,,2,2013,,,,
1421,W Broadway,North,,,1,Prior 2010,,,,
1595,W Broadway,North,,,2,Prior 2010,,,,
1701,W Broadway,North,,,1,Prior 2010,,,,
1724,W Broadway,South,,,1,Prior 2010,,,,
1727,W Broadway,North,,,2,Prior 2010,,,,
1755,W Broadway,North,,,2,Prior 2010,,,,
1755,W Broadway,North,,,1,Prior 2010,,,,
1867,W Broadway,North,,,2,Prior 2010,,,,
1885,W Broadway,North,,,1,Prior 2010,,,,
1885,W Broadway,North,,,2,2012,,,,
1900,W Broadway,South,,,1,Prior 2010,,,,
2150,W Broadway,South,,,1,2015,,,,
2154,W Broadway,South,,,1,2015,,,,
2156,W Broadway,South,,,2,2015,,,,
2176,W Broadway,South,,,1,2015,,,,
2182,W Broadway,South,,,1,2015,,,,
2221,W Broadway,North ,,,1,2014,,,,
2225,W Broadway,North ,,,1,2014,,,,
2245,W Broadway,North,,,1,Prior 2010,,,,
2255,W Broadway,North ,,,1,2014,,,,
2283,W Broadway,North ,,,1,2014,,,,
2289,W Broadway,North ,,,1,2014,,,,
2300,W Broadway,South,,,2,2014,,,,
2303,W Broadway,North ,,,2,2014,,,,
2306,W Broadway,South,,,1,Prior 2010,,,,
2505,W Broadway,North,,,1,Prior 2010,,,,
2505,W Broadway,North,,,1,2012,,,,
2505,W Broadway,North,,,1,2014,,,,
2518,W Broadway,South,,,1,Prior 2010,,,,
2529,W Broadway,North,,,1,2014,,,,
2545,W Broadway,North,,,3,Prior 2010,,,,
2579,W Broadway,North,,,1,2014,,,,
2581,W Broadway,North,,,1,Prior 2010,,,,
2582,W Broadway,South,,,1,Prior 2010,,,,
2665,W Broadway,North,,,3,Prior 2010,,,,
2671,W Broadway,North,,,1,Prior 2010,,,,
2681,W Broadway,North,,,1,Prior 2010,,,,
2684,W Broadway,South,,,1,Prior 2010,,,,
2696,W Broadway,South,,WB,1,2011,,,,
2699,W Broadway,North,,,1,Prior 2010,,,,
2732,W Broadway,South,,,1,Prior 2010,,,,
2733,W Broadway,North,,WB,1,2011,,,,
2786,W Broadway,South,,WB,1,2011,,,,
2790,W Broadway,South,,WB,1,2011,,,,
2821,W Broadway,North,,WB,1,2011,,,,
2837,W Broadway,North,,WB,1,2011,,,,
2868,W Broadway,South,,,1,Prior 2010,,,,
2868,W Broadway,South,,WB,1,2011,,,,
2886,W Broadway,South,,,1,Prior 2010,,,,
2902,W Broadway,South,,,1,Prior 2010,,,,
2902,W Broadway,West,,WB,1,2011,,,,
2909,W Broadway,North,,WB,1,2011,,,,
2934,W Broadway,South,,,1,Prior 2010,,,,
2951,W Broadway,West,,WB,1,2017,,,,
2979,W Broadway,North,,WB,1,2011,,,,
3031,W Broadway,North,,WB,1,2011,,,,
3035,W Broadway,North,,,2,Prior 2010,,,,
3036,W Broadway,South,,,1,Prior 2010,,,,
3036,W Broadway,South,,WB,1,2011,,,,
3038,W Broadway,South,,WB,1,2011,,,,
3045,W Broadway,North,,WB,1,2011,,,,
3065,W Broadway,North,,,1,Prior 2010,,,,
3066,W Broadway,South,,WB,1,2011,,,,
3083,W Broadway,North,,,1,Prior 2010,,,,
3083,W Broadway,East,,WB,2,2011,,,,
3091,W Broadway,North,,WB,1,2011,,,,
3102,W Broadway,South,,WB,1,2011,,,,
3102,W Broadway,West,,WB,2,2013,,,,
3105,W Broadway,West,,WB,1,2011,,,,
3123,W Broadway,North,,,2,Prior 2010,,,,
3124,W Broadway,South,,,1,Prior 2010,,,,
3124,W Broadway,South,,,1,2012,,,,
3126,W Broadway,South,,WB,1,2011,,,,
3135,W Broadway,North,,WB,1,2011,,,,
3143,W Broadway,North,,WB,1,2011,,,,
3145,W Broadway,North,,,1,Prior 2010,,,,
3156,W Broadway,South,,,1,Prior 2010,,,,
3156,W Broadway,South,,WB,1,2011,,,,
3235,W Broadway,North,,WB,1,2011,,,,
3236,W Broadway,South,,,1,Prior 2010,,,,
3236,W Broadway,South,,WB,1,2011,,,,
3287,W Broadway,North,,,1,Prior 2010,,,,
3291,W Broadway,North,,,1,Prior 2010,,,,
3298,W Broadway,South,,,1,Prior 2010,,,,
3308,W Broadway,South,,WB,1,2011,,,,
3310,W Broadway,South,,,1,Prior 2010,,,,
3311,W Broadway,North,,,1,Prior 2010,,,,
3313,W Broadway,North,,WB,1,2011,,,,
3328,W Broadway,South,,WB,1,2011,,,,
3349,W Broadway,North,,WB,1,2011,,,,
3422,W Broadway,South,,WB,1,2011,,,,
3428,W Broadway,South,,WB,1,2011,,,,
3431,W Broadway,North,,,1,Prior 2010,,,,
3431,W Broadway,North,,WB,1,2011,,,,
3454,W Broadway,South,,,1,Prior 2010,,,,
3485,W Broadway,North,,WB,1,2011,,,,
3496,W Broadway,South,,,1,Prior 2010,,,,
3555,W Broadway,North,,,1,Prior 2010,,,,
3661,W Broadway,North,,,1,Prior 2010,,,,
3673,W Broadway,North,,,1,Prior 2010,,,,
2,W Cordova St,South,,GT,5,2012,,,,
108,W Cordova St,South,,GT,1,2012,,,,
175,W Cordova St,East,,GT,2,2016,,,,
301,W Cordova St,North,,GT,1,2012,,,,
304,W Cordova St,North,,GT,1,2016,,,,
309,W Cordova St,West,,GT,1,2016,,,,
314,W Cordova St,South,,,2,Prior 2010,,,,
403,W Cordova St,North,,,1,Prior 2010,,,,
403,W Cordova St,North,,GT,2,2012,,,,
403,W Cordova St,North,,,1,2012,,,,
415,W Cordova St,North,,GT,2,2012,,,,
601,W Cordova St,North,,,1,Prior 2010,,,,
601,W Cordova St,North,Waterfront,,3,2012,,,,
1100,W Cordova St,South,,,1,2012,,,,
161,W Georgia St,East,,n/a,3,2016,,,,
180,W Georgia St,South,,,2,2011,,,,
555,W Georgia St,North,,,1,Prior 2010,,,,
650,W Georgia St,South,,,1,Prior 2010,,,,
650,W Georgia St,South,,,1,2012,,,,
702,W Georgia St,South,Vancouver City Centre,,8,2012,,,,
801,W Georgia St,North,,,1,2015,,,,
801,W Georgia St,North,,,2,2015,,,,
885,W Georgia St,North,,,2,Prior 2010,,,,
925,W Georgia St,North,,,3,Prior 2010,,,,
1025,W Georgia St,North,,,1,2011,,,,
1025,W Georgia St,North,,,1,2010,,,,
1030,W Georgia St,South,,,1,Prior 2010,,,,
1055,W Georgia St,North,,,4,Prior 2010,,,,
1445,W Georgia St,North,,,3,2015,,,,
1616,W Georgia St,South,,,1,Prior 2010,,,,
30,W Hastings St,South,,,1,2012,,,,
43,W Hastings St,North,,,1,Prior 2010,,,,
43,W Hastings St,North,,,1,2012,,,,
58,W Hastings St,South,,,4,Prior 2010,,,,
84,W Hastings St,South,,,3,2012,,,,
106,W Hastings St,South,,HC,1,2013,,,,
112,W Hastings St,South,,,1,Prior 2010,,,,
126,W Hastings St,South,,HC,1,2013,,,,
128,W Hastings St,South,,,1,2012,,,,
134,W Hastings St,South,,HC,2,2013,,,,
163,W Hastings St,North,,,4,2011,,,,
163,W Hastings St,North,,,3,2010,,,,
198,W Hastings St,South,,,2,Prior 2010,,,,
198,W Hastings St,South,,,3,2011,,,,
198,W Hastings St,South,,,2,2010,,,,
207,W Hastings St,North,,,1,2012,,,,
207,W Hastings St,North,,,1,2011,,,,
207,W Hastings St,West,,HC,2,2016,,,,
219,W Hastings St,North,,,1,2012,,,,
219,W Hastings St,North,,,1,2011,,,,
227,W Hastings St,North,,,5,2011,,,,
227,W Hastings St,North,,,3,2010,,,,
300,W Hastings St,South,,,1,2012,,,,
300,W Hastings St,South,,,1,2011,,,,
314,W Hastings St,South,,,1,2012,,,,
314,W Hastings St,South,,,1,2011,,,,
324,W Hastings St,South,,,1,Prior 2010,,,,
337,W Hastings St,North,,,1,Prior 2010,,,,
400,W Hastings St,South,,,3,2012,,,,
400,W Hastings St,South,,,3,2011,,,,
412,W Hastings St,South,,,1,Prior 2010,,,,
473,W Hastings St,North,,,1,2012,,,,
473,W Hastings St,North,,,1,2011,,,,
492,W Hastings St,South,,,1,Prior 2010,,,,
510,W Hastings St,South,,,2,Prior 2010,,,,
515,W Hastings St,North,,,2,Prior 2010,,,,
555,W Hastings St,North,,,1,Prior 2010,,,,
555,W Hastings St,North,,,2,2012,,,,
555,W Hastings St,North,,,2,2011,,,,
601,W Hastings St,North,,,2,2010,,,,
602,W Hastings St,South,,,1,Prior 2010,,,,
602,W Hastings St,South,,,2,2010,,,,
609,W Hastings St,North,,,2,2010,,,,
675,W Hastings St,North,,,1,Prior 2010,,,,
675,W Hastings St,North,,,1,2010,,,,
688,W Hastings St,South,,,1,Prior 2010,,,,
700,W Hastings St,South,,,2,2010,,,,
808,W Hastings St,South,,,1,Prior 2010,,,,
808,W Hastings St,South,,,1,2010,,,,
838,W Hastings St,South,,,2,2012,,,,
848,W Hastings St,South,,,1,Prior 2010,,,,
850,W Hastings St,South,,,1,Prior 2010,,,,
900,W Hastings St,South,,,2,Prior 2010,,,,
1055,W Hastings St,North,,,2,Prior 2010,,,,
1055,W Hastings St,North,,,2,2010,,,,
1099,W Hastings St,North,,,2,2010,,,,
1111,W Hastings St,North,,,1,2010,,,,
1133,W Hastings St,North,,,1,2010,,,,
1177,W Hastings St,North ,,,2,2014,,,,
1177,W Hastings St,North,,,2,2010,,,,
27,W Pender St,North,,,1,2015,,,,
33,W Pender St,North,,,2,2015,,,,
59,W Pender St,North,,,1,Prior 2010,,,,
59,W Pender St,North,,,1,2012,,,,
59,W Pender St,North,,,1,2015,,,,
99,W Pender St,North,,,1,2015,,,,
300,W Pender St,South,,,2,2013,,,,
309,W Pender St,North,,,1,2012,,,,
309,W Pender St,North,,,1,2011,,,,
319,W Pender St,North,,,1,2012,,,,
319,W Pender St,North,,,1,2011,,,,
328,W Pender St,South,,HC,1,2013,,,,
338,W Pender St,South,,HC,1,2013,,,,
344,W Pender St,South,,HC,1,2013,,,,
402,W Pender St,South,,,1,Prior 2010,,,,
416,W Pender St,South,,,1,2012,,,,
416,W Pender St,South,,,1,2011,,,,
433,W Pender St,North,,,1,2012,,,,
433,W Pender St,North,,,1,2011,,,,
445,W Pender St,North,,,1,2012,,,,
445,W Pender St,North,,,2,2011,,,,
455,W Pender St,North,,,1,Prior 2010,,,,
518,W Pender St,South,,,1,2012,,,,
518,W Pender St,South,,,1,2011,,,,
605,W Pender St,North,,,1,2012,,,,
605,W Pender St,North,,,1,2011,,,,
617,W Pender St,North,,,1,2012,,,,
617,W Pender St,North,,,1,2011,,,,
789,W Pender St,North,,,2,Prior 2010,,,,
819,W Pender St,North,,,1,2012,,,,
819,W Pender St,North,,,1,2011,,,,
829,W Pender St,North,,,1,2012,,,,
829,W Pender St,North,,,1,2011,,,,
830,W Pender St,South,,,1,2012,,,,
830,W Pender St,South,,,1,2011,,,,
1095,W Pender St,North,,,1,Prior 2010,,,,
1139,W Pender St,North,,DVBIA,1,2013,,,,
1140,W Pender St,South,,DVBIA,2,2013,,,,
250,W Pender St ,West,,HC,4,2016,,,,
402,W Pender St ,South,,,1,Prior 2010,,,,
3,Water St,North,,GT,3,2012,,,,
10,Water St,South,,GT,2,2012,,,,
19,Water St,North,,GT,1,2012,,,,
55,Water St,North,,,1,Prior 2010,,,,
65,Water St,North,,,1,Prior 2010,,,,
102,Water St,South,,GT,1,2012,,,,
142,Water St,South,,GT,1,2012,,,,
199,Water St,North,,,1,Prior 2010,,,,
199,Water St,North,,GT,1,2012,,,,
302,Water St,West,,GT,2,2016,,,,
322,Water St,South,,GT,1,2012,,,,
332,Water St,South,,GT,1,2012,,,,
375,Water St,North,,,1,Prior 2010,,,,
375,Water St,North,,GT,3,2012,,,,
5367,West Boulevard,West,,,1,2015,,,,
5389,West Boulevard,West,,,1,2015,,,,
5435,West Boulevard,West,,,1,Prior 2010,,,,
5663,West Boulevard,West,,,1,2012,,,,
5665,West Boulevard,West,,,1,Prior 2010,,,,
5765,West Boulevard,West,,,1,2012,,,,
5777,West Boulevard,West,,,1,2012,,,,
6191,West Boulevard,West,,,1,Prior 2010,,,,
2300,Willow St,West,,,1,2012,,,,
1500,Yew St,East,,,1,Prior 2010,,,,
1500,Yew St,East,,,1,2015,,,,
1520,Yew St,East,,,1,Prior 2010,,,,
1520,Yew St,East,,,1,2015,,,,
1525,Yew St,West,,,1,2015,,,,
1555,Yew St,West,,,2,2014,,,,
1601,Yew St,West,,,5,2014,,,,
1601,Yew St,West,,,5,2014,,,,
2327,Yew St,West,,,1,Prior 2010,,,,
5687,Yew St,West,,,1,2012,,,,
5692,Yew St,East,,,2,2012,,,,
1800,York Av,North,,,1,2014,,,,
1900,York Av,North,,,1,2014,,,,
1900,York Av,South,,,1,2014,,,,
2190,York Av,South,,,2,2015,,,,
2201,York Av,North ,,,2,2014,,,,
2204,York Av,South,,,1,Prior 2010,,,,
2450,Yukon St,East,,,1,2014,,,,
2459,Yukon St,West,,,2,2014,,,,
2490,Yukon St,East,,,1,2012,,,,
